posto,rotulo,lat,lon,precip_mm,temp_media_c,umid_media_pct,cobertura_pct
504,Perus,-23.409722,-46.742778,552.8,23.09,86.6,100.0
1000944,Tremembe,-23.412222,-46.587222,707.0,23.31,79.9,100.0
1000880,Santana de Parnaiba,-23.43641,-46.909258,734.8,22.81,83.6,94.1
510,Santana/Tucuruvi,-23.477222,-46.607222,645.4,23.12,78.5,100.0
515,Pirituba,-23.479444,-46.730556,545.0,23.27,80.9,82.9
509,Freguesia do O,-23.486944,-46.693889,624.2,23.11,81.1,84.3
1000862,Sao Miguel Paulista,-23.502778,-46.439167,788.8,23.57,81.5,99.9
1000882,Itaim Paulista,-23.503333,-46.386111,695.2,22.93,83.7,100.0
540,Vila Maria/Guilherme,-23.509167,-46.607222,946.0,23.01,83.3,100.0
1000887,Penha,-23.521111,-46.523333,780.2,22.93,82.1,98.3
1000848,Lapa,-23.524444,-46.705833,466.8,23.57,78.7,100.0
1000864,Itaquera,-23.535,-46.454444,597.6,22.43,80.9,100.0
503,Se - CGE,-23.546111,-46.631944,846.8,23.73,76.3,100.0
1000860,Mooca,-23.562778,-46.597778,584.4,23.62,80.1,99.1
1000635,Pinheiros,-23.565833,-46.689444,641.0,22.66,85.3,100.0
1000859,Vila Formosa,-23.568611,-46.546944,503.8,23.05,81.5,99.9
1000842,Butanta,-23.568889,-46.729167,545.6,23.33,79.6,98.7
846,Capela do Socorro,-23.587778,-46.716667,715.4,22.16,84.7,99.9
495,Vila Mariana,-23.588333,-46.634444,755.8,22.77,78.9,100.0
1000840,Ipiranga,-23.588889,-46.605278,772.2,22.86,89.1,100.0
524,Vila Prudente,-23.5925,-46.573889,451.2,22.89,93.5,100.0
1000844,Sao Mateus,-23.6,-46.480556,457.8,21.97,87.5,100.0
1000854,Campo Limpo,-23.632778,-46.766111,478.0,23.12,79.7,100.0
1000852,Santo Amaro,-23.6425,-46.699444,766.4,23.45,79.7,100.0
634,Jabaquara,-23.652222,-46.6475,790.0,22.77,90.7,96.8
1000876,Maua,-23.667778,-46.460833,747.0,21.91,85.3,100.0
592,Cidade Ademar,-23.675,-46.654722,642.4,22.46,85.9,100.0
1000857,Parelheiros/Rodoanel,-23.682778,-46.711389,591.6,21.09,92.5,100.0
1000850,M Boi Mirim,-23.688611,-46.770556,509.4,22.74,86.7,100.0
400,Riacho Grande,-23.778889,-46.528333,814.4,21.15,93.0,100.0
507,Parelheiros/Barragem,-23.825278,-46.705556,924.0,21.16,91.8,100.0
1000300,Marsilac,-23.936389,-46.708611,840.8,20.57,94.3,100.0
